real,predict
0.18199999630451202,0.18680326640605927
0.17900000512599945,0.17818722128868103
0.17599999904632568,0.17649278044700623
0.17299999296665192,0.1736772060394287
0.17000000178813934,0.1746360957622528
0.16599999368190765,0.16810888051986694
0.16300000250339508,0.1644493043422699
0.1599999964237213,0.1647939682006836
0.15700000524520874,0.1579812467098236
0.15399999916553497,0.15390931069850922
0.1509999930858612,0.15064798295497894
0.14800000190734863,0.15107356011867523
0.14499999582767487,0.14538532495498657
0.1420000046491623,0.13345006108283997
0.13899999856948853,0.14002378284931183
0.13600000739097595,0.1375112235546112
0.13300000131130219,0.1309472620487213
0.12999999523162842,0.12748552858829498
0.12700000405311584,0.1279262900352478
0.12399999797344208,0.12402963638305664
0.1340000033378601,0.12304719537496567
0.16300000250339508,0.14843113720417023
0.19200000166893005,0.18050388991832733
0.22100000083446503,0.20562812685966492
0.23399999737739563,0.2216072976589203
0.2280000001192093,0.2303444743156433
0.22200000286102295,0.22877372801303864
0.2160000056028366,0.21906301379203796
0.20999999344348907,0.2156757116317749
0.20399999618530273,0.2084372341632843
0.1979999989271164,0.2008785605430603
0.19099999964237213,0.1952635645866394
0.1850000023841858,0.18690131604671478
0.17900000512599945,0.18204665184020996
0.17299999296665192,0.17658130824565887
0.16699999570846558,0.17326371371746063
0.16099999845027924,0.16855835914611816
0.1550000011920929,0.1609022617340088
0.15600000321865082,0.15380999445915222
0.16599999368190765,0.15217597782611847
0.17599999904632568,0.18221697211265564
0.1860000044107437,0.18384422361850739
0.19499999284744263,0.18397709727287292
0.1940000057220459,0.19184286892414093
0.17800000309944153,0.1846977323293686
0.16200000047683716,0.15482313930988312
0.1459999978542328,0.1606384515762329
0.12999999523162842,0.14755940437316895
0.11400000005960464,0.13153612613677979
0.11400000005960464,0.10774164646863937
0.13699999451637268,0.1139027550816536
0.1589999943971634,0.15872709453105927
0.18199999630451202,0.1686510592699051
0.20399999618530273,0.19571566581726074
0.20600000023841858,0.20931856334209442
0.1809999942779541,0.20178884267807007
0.15600000321865082,0.14875860512256622
0.14399999380111694,0.15205617249011993
0.14800000190734863,0.14049702882766724
0.15199999511241913,0.14623700082302094
0.15600000321865082,0.15601788461208344
0.1599999964237213,0.1596948206424713
0.164000004529953,0.16507355868816376
0.1679999977350235,0.16810467839241028
0.1720000058412552,0.1640172302722931
0.17599999904632568,0.1723327487707138
0.18000000715255737,0.18148303031921387
0.18400000035762787,0.18472301959991455
0.18799999356269836,0.18741852045059204
0.19200000166893005,0.19086259603500366
0.19599999487400055,0.19280143082141876
0.19200000166893005,0.1970069408416748
0.17599999904632568,0.1779175102710724
0.16099999845027924,0.15557953715324402
0.14499999582767487,0.15889327228069305
0.13899999856948853,0.14210772514343262
0.14399999380111694,0.14038507640361786
0.14900000393390656,0.1608027219772339
0.15399999916553497,0.15504072606563568
0.1589999943971634,0.1570185124874115
0.16500000655651093,0.16433526575565338
0.17000000178813934,0.1695336103439331
0.17499999701976776,0.1679278165102005
0.18000000715255737,0.17941641807556152
0.1850000023841858,0.18285389244556427
0.19099999964237213,0.18863777816295624
0.19599999487400055,0.19536641240119934
0.20100000500679016,0.1996244490146637
0.20600000023841858,0.2031766176223755
0.210999995470047,0.21145424246788025
0.21699999272823334,0.21527594327926636
0.22200000286102295,0.21702370047569275
0.22699999809265137,0.22609129548072815
0.2329999953508377,0.23299290239810944
0.2409999966621399,0.24127407371997833
0.24799999594688416,0.24602541327476501
0.25600001215934753,0.2499852180480957
0.2630000114440918,0.25788813829421997
0.2709999978542328,0.2653310298919678
0.27799999713897705,0.2759456932544708
0.27799999713897705,0.2812025845050812
0.26899999380111694,0.27627918124198914
0.2590000033378601,0.2544931173324585
0.24899999797344208,0.2553826570510864
0.23899999260902405,0.24753591418266296
0.2290000021457672,0.2374328076839447
0.21899999678134918,0.22804215550422668
0.20900000631809235,0.21858882904052734
0.20000000298023224,0.2064635455608368
0.1899999976158142,0.20019042491912842
0.18000000715255737,0.18790148198604584
0.18700000643730164,0.17559950053691864
0.2150000035762787,0.20469671487808228
0.24300000071525574,0.2476186603307724
0.2720000147819519,0.24336178600788116
0.2849999964237213,0.28432148694992065
0.2770000100135803,0.28479939699172974
0.27000001072883606,0.25688639283180237
0.23899999260902405,0.2685747742652893
0.20399999618530273,0.23180024325847626
0.20200000703334808,0.2027820199728012
0.20000000298023224,0.21126890182495117
0.19900000095367432,0.19525352120399475
0.19699999690055847,0.19562140107154846
0.19499999284744263,0.19363421201705933
0.1940000057220459,0.19550420343875885
0.19200000166893005,0.19963450729846954
0.19099999964237213,0.1890929788351059
0.1889999955892563,0.18876230716705322
0.18700000643730164,0.18519428372383118
0.1860000044107437,0.18554572761058807
0.18400000035762787,0.19091244041919708
0.18199999630451202,0.17906175553798676
0.1809999942779541,0.1796317845582962
0.17900000512599945,0.18033945560455322
0.17800000309944153,0.18227043747901917
0.17599999904632568,0.17873752117156982
0.17399999499320984,0.17529883980751038
0.17299999296665192,0.16307316720485687
0.17100000381469727,0.16898474097251892
0.16899999976158142,0.1670626699924469
0.1679999977350235,0.1656237691640854
0.16599999368190765,0.16677144169807434
0.1469999998807907,0.15510764718055725
0.12300000339746475,0.1246429979801178
0.12399999797344208,0.1268787980079651
0.12600000202655792,0.11606645584106445
0.12700000405311584,0.12117926776409149
0.12800000607967377,0.1232256144285202
0.1289999932050705,0.12790179252624512
0.13099999725818634,0.1338774859905243
0.13199999928474426,0.136113241314888
0.13300000131130219,0.12935414910316467
0.1340000033378601,0.13196539878845215
0.13600000739097595,0.1357990950345993
0.13699999451637268,0.13905024528503418
0.1379999965429306,0.1382960081100464
0.13899999856948853,0.13095837831497192
0.14000000059604645,0.13564005494117737
0.1420000046491623,0.13796359300613403
0.14300000667572021,0.14806082844734192
0.14399999380111694,0.14519274234771729
0.14499999582767487,0.1464567929506302
0.1469999998807907,0.13742659986019135
0.14800000190734863,0.14253026247024536
0.14900000393390656,0.1473446935415268
0.15000000596046448,0.15349173545837402
0.15199999511241913,0.15163148939609528
0.15299999713897705,0.15421760082244873
0.15399999916553497,0.15141642093658447
0.1550000011920929,0.15827776491641998
0.15700000524520874,0.16006484627723694
0.15800000727176666,0.15182632207870483
0.1589999943971634,0.15442635118961334
0.1599999964237213,0.15399612486362457
0.16200000047683716,0.1626949906349182
0.164000004529953,0.16522812843322754
0.16599999368190765,0.16809788346290588
0.1679999977350235,0.17019899189472198
0.17100000381469727,0.16652733087539673
0.17299999296665192,0.18499085307121277
0.17499999701976776,0.17846918106079102
0.1770000010728836,0.17718321084976196
0.17900000512599945,0.1810731142759323
0.18199999630451202,0.18173295259475708
0.18400000035762787,0.1851440817117691
0.1860000044107437,0.17823347449302673
0.18799999356269836,0.19014467298984528
0.1899999976158142,0.19259534776210785
0.19200000166893005,0.19325833022594452
0.19499999284744263,0.19410590827465057
0.19699999690055847,0.19856689870357513
0.19900000095367432,0.19885876774787903
0.20100000500679016,0.20040179789066315
0.2029999941587448,0.19937708973884583
0.19900000095367432,0.19794802367687225
0.1850000023841858,0.19601556658744812
0.17100000381469727,0.18083053827285767
0.15800000727176666,0.1673077642917633
0.14399999380111694,0.16307906806468964
0.12999999523162842,0.14300183951854706
0.11699999868869781,0.12436150014400482
0.10300000011920929,0.11540070921182632
0.09759999811649323,0.10201870650053024
0.10300000011920929,0.1020938903093338
0.1080000028014183,0.11167225241661072
0.11400000005960464,0.11171013116836548
0.11900000274181366,0.12026570737361908
0.1459999978542328,0.1216849833726883
0.1770000010728836,0.1632814258337021
0.1770000010728836,0.18628758192062378
0.1770000010728836,0.18205146491527557
0.1770000010728836,0.18148446083068848
0.1770000010728836,0.1800568699836731
0.1770000010728836,0.1790645718574524
0.1770000010728836,0.17851591110229492
0.1770000010728836,0.17871275544166565
0.1770000010728836,0.17672927677631378
0.1770000010728836,0.18078041076660156
0.1770000010728836,0.17514127492904663
0.17599999904632568,0.17367999255657196
0.17399999499320984,0.16967491805553436
0.17299999296665192,0.17088168859481812
0.17100000381469727,0.17177779972553253
0.17000000178813934,0.16819791495800018
0.1679999977350235,0.17010892927646637
0.16599999368190765,0.16132184863090515
0.16500000655651093,0.1617412120103836
0.16300000250339508,0.1624470204114914
0.16099999845027924,0.16124100983142853
0.1599999964237213,0.1582891196012497
0.15800000727176666,0.16159074008464813
0.15700000524520874,0.15382246673107147
0.1550000011920929,0.15344686806201935
0.15299999713897705,0.15284748375415802
0.15199999511241913,0.14972703158855438
0.15000000596046448,0.14952495694160461
0.14900000393390656,0.15083129703998566
0.1469999998807907,0.15021361410617828
0.14499999582767487,0.1435377597808838
0.14399999380111694,0.14147400856018066
0.1420000046491623,0.14176878333091736
0.14100000262260437,0.1387922763824463
0.13899999856948853,0.13874749839305878
0.13699999451637268,0.14359375834465027
0.13600000739097595,0.1256941705942154
0.1340000033378601,0.13289862871170044
0.13300000131130219,0.1329803615808487
0.1340000033378601,0.13163724541664124
0.1340000033378601,0.13224029541015625
0.1340000033378601,0.13349506258964539
0.13500000536441803,0.13240811228752136
0.13500000536441803,0.13094206154346466
0.13600000739097595,0.1295551359653473
0.13600000739097595,0.13183750212192535
0.13600000739097595,0.1357935220003128
0.13699999451637268,0.13612475991249084
0.13699999451637268,0.14251364767551422
0.13699999451637268,0.13877423107624054
0.1379999965429306,0.13414914906024933
0.1379999965429306,0.15057659149169922
0.13899999856948853,0.14325135946273804
0.13899999856948853,0.14221739768981934
0.14100000262260437,0.13221749663352966
0.1420000046491623,0.13760587573051453
0.14399999380111694,0.14189942181110382
0.13699999451637268,0.15029889345169067
0.11999999731779099,0.12474250793457031
0.10300000011920929,0.12030100077390671
0.10499999672174454,0.11155872792005539
0.13199999928474426,0.10511533170938492
0.1589999943971634,0.17178386449813843
0.17499999701976776,0.1762925088405609
0.17599999904632568,0.17901961505413055
0.1770000010728836,0.1762993335723877
0.17800000309944153,0.17592014372348785
0.18000000715255737,0.18203124403953552
0.1809999942779541,0.1825905293226242
0.18199999630451202,0.18473918735980988
0.18299999833106995,0.1841859370470047
0.18400000035762787,0.1850304901599884
0.1850000023841858,0.1919342577457428
0.18700000643730164,0.18951083719730377
0.18799999356269836,0.1899573653936386
0.1889999955892563,0.19174166023731232
0.1899999976158142,0.18918131291866302
0.19099999964237213,0.18961143493652344
0.19300000369548798,0.1934959888458252
0.1940000057220459,0.19873018562793732
0.19499999284744263,0.19611741602420807
0.19599999487400055,0.1972550004720688
0.19699999690055847,0.1989046186208725
0.19900000095367432,0.20053759217262268
0.20000000298023224,0.20128844678401947
0.20100000500679016,0.203884094953537
0.20200000703334808,0.2037862241268158
0.2029999941587448,0.20640049874782562
0.20399999618530273,0.20567645132541656
0.20600000023841858,0.2080952227115631
0.2070000022649765,0.20641764998435974
0.20800000429153442,0.20759712159633636
0.20900000631809235,0.21102595329284668
0.20999999344348907,0.21314206719398499
0.21199999749660492,0.21486863493919373
0.21299999952316284,0.2143770009279251
0.21400000154972076,0.21634000539779663
0.2150000035762787,0.2134632170200348
0.2160000056028366,0.2187763899564743
0.21699999272823334,0.21719518303871155
0.21899999678134918,0.22788262367248535
0.2199999988079071,0.2250896841287613
0.22100000083446503,0.22431224584579468
0.210999995470047,0.21989943087100983
0.1850000023841858,0.19609437882900238
0.1599999964237213,0.17647628486156464
0.1459999978542328,0.1582707017660141
0.1459999978542328,0.13998699188232422
0.1469999998807907,0.14372462034225464
0.1469999998807907,0.14604651927947998
0.1469999998807907,0.14389337599277496
0.14800000190734863,0.14853788912296295
0.14800000190734863,0.14922484755516052
0.14800000190734863,0.15208366513252258
0.14900000393390656,0.14828087389469147
0.14900000393390656,0.144281804561615
0.15000000596046448,0.14667221903800964
0.15000000596046448,0.14710687100887299
0.15000000596046448,0.1514892280101776
0.1509999930858612,0.14636893570423126
0.1509999930858612,0.15390561521053314
0.15199999511241913,0.15651294589042664
0.15199999511241913,0.1569496989250183
0.15199999511241913,0.1527481973171234
0.15299999713897705,0.14978085458278656
0.15299999713897705,0.15816859900951385
0.15299999713897705,0.15204444527626038
0.15399999916553497,0.15620668232440948
0.15399999916553497,0.1530878096818924
0.1550000011920929,0.15088756382465363
0.1550000011920929,0.1571139246225357
0.1550000011920929,0.15761512517929077
0.15600000321865082,0.15165972709655762
0.15600000321865082,0.15019312500953674
0.15600000321865082,0.15794333815574646
0.15700000524520874,0.15703779458999634
0.15700000524520874,0.15358082950115204
0.15700000524520874,0.1628856062889099
0.15700000524520874,0.15884846448898315
0.15700000524520874,0.15716591477394104
0.15800000727176666,0.1652088761329651
0.1599999964237213,0.16356754302978516
0.16200000047683716,0.1597544550895691
0.164000004529953,0.16523832082748413
0.16599999368190765,0.16572162508964539
0.1679999977350235,0.1640651375055313
0.17000000178813934,0.1708766520023346
0.1720000058412552,0.1716984063386917
0.17399999499320984,0.17352469265460968
0.17599999904632568,0.17464318871498108
0.17000000178813934,0.18468829989433289
0.15600000321865082,0.15685603022575378
0.14100000262260437,0.14954820275306702
0.14100000262260437,0.14217400550842285
0.1589999943971634,0.15975379943847656
0.17800000309944153,0.17500485479831696
0.19599999487400055,0.1641625612974167
0.2150000035762787,0.20324397087097168
0.22300000488758087,0.25580185651779175
0.21899999678134918,0.22836893796920776
0.2150000035762787,0.22177276015281677
0.210999995470047,0.213007390499115
0.2070000022649765,0.20916281640529633
0.2029999941587448,0.20900310575962067
0.20000000298023224,0.20080797374248505
0.19599999487400055,0.19954128563404083
0.19200000166893005,0.18253296613693237
0.18799999356269836,0.18959727883338928
0.18400000035762787,0.18486571311950684
0.18000000715255737,0.18009532988071442
0.17599999904632568,0.1771869957447052
0.1720000058412552,0.17340047657489777
0.1679999977350235,0.1695440709590912
0.164000004529953,0.1649908572435379
0.1599999964237213,0.1644023209810257
0.15600000321865082,0.15702083706855774
0.15199999511241913,0.15541234612464905
0.14800000190734863,0.1517491638660431
0.1469999998807907,0.1486562192440033
0.1509999930858612,0.14748448133468628
0.15399999916553497,0.1565571427345276
0.15800000727176666,0.1555176079273224
0.16099999845027924,0.1604948490858078
0.164000004529953,0.16141371428966522
0.1679999977350235,0.16858437657356262
0.17100000381469727,0.17389529943466187
0.17499999701976776,0.17473004758358002
0.17800000309944153,0.1790897101163864
0.18199999630451202,0.17420288920402527
0.1850000023841858,0.18579155206680298
0.18700000643730164,0.18520329892635345
0.1850000023841858,0.19183382391929626
0.18400000035762787,0.1838228404521942
0.18199999630451202,0.18108683824539185
0.1809999942779541,0.1793760508298874
0.17900000512599945,0.17753538489341736
0.17800000309944153,0.17634716629981995
0.1770000010728836,0.17685681581497192
0.17499999701976776,0.17583484947681427
0.17399999499320984,0.1765154004096985
0.1720000058412552,0.17559383809566498
0.17100000381469727,0.16008073091506958
0.16899999976158142,0.167043536901474
0.1679999977350235,0.16669757664203644
0.16699999570846558,0.16550731658935547
0.16500000655651093,0.16459746658802032
0.164000004529953,0.16239789128303528
0.16200000047683716,0.16295139491558075
0.16099999845027924,0.1563844531774521
0.1589999943971634,0.15793806314468384
0.14399999380111694,0.1573001891374588
0.10899999737739563,0.13189619779586792
0.07509999722242355,0.10666247457265854
0.040800001472234726,0.08551632612943649
0.021800000220537186,0.04189763590693474
0.02290000021457672,0.02309383824467659
0.023900000378489494,0.020381420850753784
0.024900000542402267,0.02537621185183525
0.026000000536441803,0.028465356677770615
0.027000000700354576,0.023450925946235657
0.02800000086426735,0.0194033645093441
0.029100000858306885,0.02389313280582428
0.03009999915957451,0.033248309046030045
0.031099999323487282,0.03545403480529785
0.032099999487400055,0.029068807139992714
0.03319999948143959,0.03679059073328972
0.03420000150799751,0.03691929206252098
0.03519999980926514,0.020001567900180817
0.03629999980330467,0.028908822685480118
0.037300001829862595,0.02996191754937172
0.03830000013113022,0.030503857880830765
0.039400000125169754,0.03248691186308861
0.04039999842643738,0.03371482342481613
0.0414000004529953,0.03775332495570183
0.042399998754262924,0.041505053639411926
0.04349999874830246,0.04658178612589836
0.04450000077486038,0.04555901512503624
0.045499999076128006,0.04044986516237259
0.04659999907016754,0.04067001864314079
0.047600001096725464,0.03938339278101921
0.04859999939799309,0.04395490512251854
0.05900000035762787,0.045042477548122406
0.08169999718666077,0.07906311750411987
0.10400000214576721,0.12263013422489166
0.12700000405311584,0.11074681580066681
0.22300000488758087,0.13238680362701416
0.3400000035762787,0.36372315883636475
0.35899999737739563,0.369697630405426
0.335999995470047,0.3317054808139801
0.2590000033378601,0.3261832892894745
0.18199999630451202,0.2484927773475647
0.13600000739097595,0.17844556272029877
0.13300000131130219,0.12189711630344391
0.12999999523162842,0.12322445213794708
0.12700000405311584,0.126796156167984
0.12399999797344208,0.12130645662546158
0.12099999934434891,0.12422705441713333
0.11800000071525574,0.11957640945911407
0.11400000005960464,0.1160309761762619
0.1469999998807907,0.11292575299739838
0.1899999976158142,0.1895022988319397
0.18799999356269836,0.2161201536655426
0.1850000023841858,0.19107916951179504
0.18199999630451202,0.18302586674690247
0.18000000715255737,0.17670869827270508
0.1770000010728836,0.1772262006998062
0.17499999701976776,0.17386965453624725
0.1720000058412552,0.1710420548915863
0.16899999976158142,0.16838295757770538
0.16699999570846558,0.16487941145896912
0.210999995470047,0.16415731608867645
0.2750000059604645,0.2768961787223816
0.28299999237060547,0.30406680703163147
0.2919999957084656,0.2855973243713379
0.30000001192092896,0.3057294487953186
0.3089999854564667,0.3050968050956726
0.3179999887943268,0.31419607996940613
0.32600000500679016,0.3236469030380249
0.33500000834465027,0.32669126987457275
0.34299999475479126,0.340107262134552
0.3440000116825104,0.3456043303012848
0.33500000834465027,0.3472752273082733
0.3269999921321869,0.3203513026237488
0.3179999887943268,0.32849517464637756
0.3089999854564667,0.3149227201938629
0.30000001192092896,0.3072713613510132
0.2919999957084656,0.29958102107048035
0.28299999237060547,0.2900853157043457
0.27399998903274536,0.28120559453964233
0.26499998569488525,0.27218136191368103
0.25600001215934753,0.26224103569984436
0.24799999594688416,0.2549164593219757
0.23899999260902405,0.2444269210100174
0.23000000417232513,0.23893044888973236
0.22100000083446503,0.22844503819942474
0.21299999952316284,0.21384987235069275
0.20399999618530273,0.20811395347118378
0.19499999284744263,0.18677009642124176
0.1860000044107437,0.19102072715759277
0.1770000010728836,0.1810927391052246
0.16899999976158142,0.171988382935524
0.1599999964237213,0.1699543297290802
0.15199999511241913,0.1583273857831955
0.14499999582767487,0.14710018038749695
0.13899999856948853,0.14210794866085052
0.13199999928474426,0.13656596839427948
0.125,0.12974293529987335
0.11800000071525574,0.12273667752742767
0.1120000034570694,0.11393355578184128
0.10499999672174454,0.111031174659729
0.10300000011920929,0.10450135916471481
0.10599999874830246,0.10249259322881699
0.10999999940395355,0.11196906119585037
0.11400000005960464,0.11219310760498047
0.11699999868869781,0.11874479055404663
0.08569999784231186,0.11233898997306824
0.041600000113248825,0.08046325296163559
0.041099999099969864,0.049783069640398026
0.04050000011920929,0.04184107482433319
0.05270000174641609,0.04176977649331093
0.08139999955892563,0.07453692704439163
0.10999999940395355,0.09686987102031708
0.13899999856948853,0.0985044464468956
0.1550000011920929,0.12256969511508942
0.1550000011920929,0.15789057314395905
0.15399999916553497,0.15092039108276367
0.15399999916553497,0.1542154997587204
0.15399999916553497,0.1505821794271469
0.15399999916553497,0.15158309042453766
0.15299999713897705,0.15698587894439697
0.15299999713897705,0.15172873437404633
0.15299999713897705,0.14945678412914276
0.15199999511241913,0.1564522385597229
0.15199999511241913,0.1554233729839325
0.15199999511241913,0.15664732456207275
0.1509999930858612,0.1525624394416809
0.1509999930858612,0.14905093610286713
0.1509999930858612,0.14541968703269958
0.1509999930858612,0.14678050577640533
0.15000000596046448,0.15053068101406097
0.15000000596046448,0.14808931946754456
0.15000000596046448,0.1447494924068451
0.14900000393390656,0.1450863480567932
0.14900000393390656,0.1502084583044052
0.14900000393390656,0.15288910269737244
0.14800000190734863,0.14469590783119202
0.14800000190734863,0.14517654478549957
0.14800000190734863,0.14505943655967712
0.14800000190734863,0.1491328775882721
0.14900000393390656,0.15230600535869598
0.14900000393390656,0.15937480330467224
0.14900000393390656,0.15217697620391846
0.15000000596046448,0.1550569087266922
0.15000000596046448,0.16300271451473236
0.1679999977350235,0.15201634168624878
0.20999999344348907,0.19493773579597473
0.23100000619888306,0.23574453592300415
0.22599999606609344,0.24272434413433075
0.22200000286102295,0.23101936280727386
0.21699999272823334,0.2188960760831833
0.21199999749660492,0.20212422311306
0.2070000022649765,0.2068679928779602
0.20200000703334808,0.2033892571926117
0.210999995470047,0.19972050189971924
0.23600000143051147,0.2263515144586563
0.34599998593330383,0.2765490412712097
0.46000000834465027,0.4590112566947937
0.38999998569488525,0.5082207918167114
0.3160000145435333,0.39287102222442627
0.27900001406669617,0.3122538626194
0.2290000021457672,0.25765523314476013
0.22100000083446503,0.21633346378803253
0.21400000154972076,0.21340054273605347
0.2070000022649765,0.21212686598300934
0.20000000298023224,0.20470614731311798
0.19300000369548798,0.19703646004199982
0.1860000044107437,0.19155588746070862
0.17800000309944153,0.18227240443229675
0.17100000381469727,0.17138183116912842
0.164000004529953,0.1704169362783432
0.15700000524520874,0.1665758192539215
0.1550000011920929,0.15367715060710907
0.1589999943971634,0.15218324959278107
0.164000004529953,0.16555127501487732
0.1679999977350235,0.167567640542984
0.12999999523162842,0.1711929738521576
0.07660000026226044,0.08238765597343445
0.07639999687671661,0.06781917810440063
0.07620000094175339,0.06613198667764664
0.07599999755620956,0.07359681278467178
0.07569999992847443,0.07662922888994217
0.0754999965429306,0.06347228586673737
0.07530000060796738,0.07234117388725281
0.07509999722242355,0.07399944216012955
0.07490000128746033,0.07192201912403107
0.07680000364780426,0.07301732897758484
0.08129999786615372,0.08894772082567215
0.08590000122785568,0.08596840500831604
0.09049999713897705,0.08801932632923126
0.09510000050067902,0.0914846658706665
0.09969999641180038,0.09370042383670807
0.10400000214576721,0.11142180114984512
0.10899999737739563,0.10882720351219177
0.11299999803304672,0.11367135494947433
0.11800000071525574,0.11595290899276733
0.12300000339746475,0.12130531668663025
0.12700000405311584,0.12939365208148956
0.13199999928474426,0.12927645444869995
0.13600000739097595,0.13558417558670044
0.14100000262260437,0.13173872232437134
0.1459999978542328,0.14482751488685608
0.15000000596046448,0.14985871315002441
0.1550000011920929,0.15594257414340973
0.1589999943971634,0.1592106819152832
0.164000004529953,0.16000612080097198
0.1679999977350235,0.16580477356910706
0.17299999296665192,0.1669677495956421
0.17800000309944153,0.17627151310443878
0.18199999630451202,0.1815442442893982
0.18400000035762787,0.18434563279151917
0.18299999833106995,0.1887434422969818
0.18199999630451202,0.1829751878976822
0.1809999942779541,0.1754261702299118
0.18000000715255737,0.18182875216007233
0.17900000512599945,0.1851332038640976
0.17800000309944153,0.18538525700569153
0.1770000010728836,0.17815633118152618
0.17599999904632568,0.17207619547843933
0.17499999701976776,0.17246972024440765
0.17399999499320984,0.18134932219982147
0.17299999296665192,0.17205330729484558
0.1720000058412552,0.16715167462825775
0.17000000178813934,0.16834433376789093
0.16899999976158142,0.16280129551887512
0.1679999977350235,0.16608183085918427
0.16699999570846558,0.1664586067199707
0.16599999368190765,0.16381512582302094
0.16500000655651093,0.16239683330059052
0.164000004529953,0.16290156543254852
0.16300000250339508,0.16869966685771942
0.16200000047683716,0.17147448658943176
0.16099999845027924,0.16399309039115906
0.1599999964237213,0.15716557204723358
0.1589999943971634,0.15693628787994385
0.15800000727176666,0.15623247623443604
0.15700000524520874,0.154057577252388
0.15600000321865082,0.1552947759628296
0.15700000524520874,0.1597088724374771
0.1599999964237213,0.16123345494270325
0.164000004529953,0.16370293498039246
0.1679999977350235,0.17457915842533112
0.17100000381469727,0.17770642042160034
0.17499999701976776,0.17399311065673828
0.17900000512599945,0.17752601206302643
0.18199999630451202,0.17712350189685822
0.1860000044107437,0.17151904106140137
0.18700000643730164,0.1907264143228531
0.1860000044107437,0.19284681975841522
0.18400000035762787,0.18922947347164154
0.18199999630451202,0.18273666501045227
0.18000000715255737,0.18092119693756104
0.17800000309944153,0.1782602220773697
0.17599999904632568,0.17834778130054474
0.17399999499320984,0.17191855609416962
0.17299999296665192,0.16920486092567444
0.17100000381469727,0.17316876351833344
0.16899999976158142,0.17200294137001038
0.16699999570846558,0.15618069469928741
0.16500000655651093,0.16141007840633392
0.16300000250339508,0.16283392906188965
0.16200000047683716,0.1611240804195404
0.1599999964237213,0.1578894853591919
0.15800000727176666,0.15715712308883667
0.15600000321865082,0.1609271913766861
0.15399999916553497,0.15466810762882233
0.15199999511241913,0.15255941450595856
0.164000004529953,0.15014086663722992
0.1940000057220459,0.17780530452728271
0.20999999344348907,0.20577850937843323
0.20600000023841858,0.21533294022083282
0.2029999941587448,0.20176634192466736
0.19900000095367432,0.19827722012996674
0.19599999487400055,0.19611218571662903
0.19200000166893005,0.19246754050254822
0.1889999955892563,0.18582993745803833
0.1850000023841858,0.18693280220031738
0.18199999630451202,0.1833404153585434
0.17800000309944153,0.17837153375148773
0.17499999701976776,0.1758829951286316
0.17100000381469727,0.1734352856874466
0.1679999977350235,0.16781574487686157
0.164000004529953,0.16873446106910706
0.16099999845027924,0.16244275867938995
0.17900000512599945,0.1614452600479126
0.2029999941587448,0.20194867253303528
0.19599999487400055,0.2135666161775589
0.1889999955892563,0.19680055975914001
0.18199999630451202,0.185788094997406
0.17599999904632568,0.1782180666923523
0.16899999976158142,0.1745816171169281
0.15800000727176666,0.1672062873840332
0.14000000059604645,0.15359121561050415
0.12300000339746475,0.1367589831352234
0.10599999874830246,0.12275649607181549
0.09769999980926514,0.11007966846227646
0.10100000351667404,0.09503418952226639
0.10400000214576721,0.09686331450939178
0.1080000028014183,0.10564251244068146
0.11100000143051147,0.11097169667482376
0.11400000005960464,0.11162842810153961
0.11800000071525574,0.11074858158826828
0.12099999934434891,0.1216377466917038
0.125,0.1371985673904419
0.12800000607967377,0.12963075935840607
0.13099999725818634,0.13158227503299713
0.1340000033378601,0.13348358869552612
0.13699999451637268,0.13503442704677582
0.14000000059604645,0.13760817050933838
0.14300000667572021,0.14474661648273468
0.1459999978542328,0.14521373808383942
0.14900000393390656,0.14982515573501587
0.15199999511241913,0.15333245694637299
0.1550000011920929,0.15578335523605347
0.15800000727176666,0.15964898467063904
0.1599999964237213,0.16014797985553741
0.16300000250339508,0.15997952222824097
0.16599999368190765,0.1668795645236969
0.16899999976158142,0.1714683622121811
0.1720000058412552,0.17468592524528503
0.17499999701976776,0.17352187633514404
0.17499999701976776,0.17971891164779663
0.17100000381469727,0.17830252647399902
0.16599999368190765,0.16659973561763763
0.16200000047683716,0.15559299290180206
0.15800000727176666,0.15975990891456604
0.15399999916553497,0.15356916189193726
0.14900000393390656,0.15174508094787598
0.14499999582767487,0.146635964512825
0.14100000262260437,0.14268237352371216
0.13699999451637268,0.14137528836727142
0.14300000667572021,0.1361234188079834
0.16300000250339508,0.1589629352092743
0.18199999630451202,0.19934235513210297
0.20200000703334808,0.18393394351005554
0.20600000023841858,0.2149314135313034
0.1899999976158142,0.20986275374889374
0.17399999499320984,0.171444833278656
0.15700000524520874,0.17598634958267212
0.1469999998807907,0.15597276389598846
0.14499999582767487,0.14010629057884216
0.14399999380111694,0.14227424561977386
0.1420000046491623,0.1405051350593567
0.14000000059604645,0.14123006165027618
0.1379999965429306,0.12914471328258514
0.13699999451637268,0.1333208978176117
0.13500000536441803,0.13459131121635437
0.13300000131130219,0.1350845843553543
0.13099999725818634,0.13626740872859955
0.1289999932050705,0.12875747680664062
0.12800000607967377,0.12564384937286377
0.12600000202655792,0.12626373767852783
0.12399999797344208,0.1236848384141922
0.12200000137090683,0.12090392410755157
0.12099999934434891,0.11784645169973373
0.11900000274181366,0.11640262603759766
0.11699999868869781,0.11620363593101501
0.11500000208616257,0.11639062315225601
0.11299999803304672,0.1144166812300682
0.1120000034570694,0.11089374125003815
0.10999999940395355,0.1084941029548645
0.1080000028014183,0.11023101210594177
0.10599999874830246,0.10629159212112427
0.10599999874830246,0.10288958996534348
0.10899999737739563,0.1049676388502121
0.1120000034570694,0.1056845560669899
0.11400000005960464,0.10753843188285828
0.11699999868869781,0.11421215534210205
0.11900000274181366,0.12136917561292648
0.12200000137090683,0.12285876274108887
0.12399999797344208,0.12672767043113708
0.12700000405311584,0.12738384306430817
0.1289999932050705,0.1297733038663864
0.13099999725818634,0.1302778720855713
0.13099999725818634,0.13593648374080658
0.12999999523162842,0.13507504761219025
0.12999999523162842,0.127947136759758
0.12999999523162842,0.12622235715389252
0.12999999523162842,0.12715362012386322
0.12999999523162842,0.1282205432653427
0.12999999523162842,0.132627934217453
0.12999999523162842,0.13103491067886353
0.1289999932050705,0.1296398639678955
0.1289999932050705,0.12582725286483765
0.1289999932050705,0.1280505210161209
0.1289999932050705,0.12917056679725647
0.1289999932050705,0.125900000333786
0.1289999932050705,0.1253645122051239
0.1289999932050705,0.12754110991954803
0.12800000607967377,0.13464051485061646
0.12800000607967377,0.13092070817947388
0.13199999928474426,0.12990814447402954
0.1420000046491623,0.13723812997341156
0.15199999511241913,0.15011146664619446
0.16099999845027924,0.15415233373641968
0.16599999368190765,0.1677210032939911
0.164000004529953,0.16252967715263367
0.16200000047683716,0.1609821915626526
0.16099999845027924,0.16292838752269745
0.1589999943971634,0.15983781218528748
0.15700000524520874,0.15854357182979584
0.15600000321865082,0.1585206240415573
0.15399999916553497,0.15278899669647217
0.1459999978542328,0.14462162554264069
0.1289999932050705,0.13542237877845764
0.11299999803304672,0.12209554016590118
0.0966000035405159,0.11397364735603333
0.08020000159740448,0.09586764127016068
0.0731000006198883,0.07551654428243637
0.07800000160932541,0.07072601467370987
0.0828000009059906,0.09664565324783325
0.0877000018954277,0.08427012711763382
0.09260000288486481,0.08878376334905624
0.09749999642372131,0.09672127664089203
0.10199999809265137,0.09246470779180527
0.10700000077486038,0.10675600916147232
0.1120000034570694,0.10381949692964554
0.09839999675750732,0.10475141555070877
0.05999999865889549,0.08189795166254044
0.021700000390410423,0.038209106773138046
0.0,0.008047237992286682
0.020899999886751175,0.00051162950694561
0.06909999996423721,0.06271430104970932
0.11699999868869781,0.11808952689170837
0.14499999582767487,0.1384275108575821
0.2070000022649765,0.17843733727931976
0.28200000524520874,0.2575554847717285
0.26499998569488525,0.28872016072273254
0.24899999797344208,0.26955223083496094
0.23899999260902405,0.24503786861896515
0.23800000548362732,0.23267869651317596
0.2370000034570694,0.2341071367263794
0.23600000143051147,0.23639452457427979
0.23499999940395355,0.23355311155319214
0.23399999737739563,0.23260413110256195
0.2329999953508377,0.24174892902374268
0.23100000619888306,0.2304186075925827
0.23000000417232513,0.22836832702159882
0.2290000021457672,0.23131589591503143
0.2280000001192093,0.22910340130329132
0.24400000274181366,0.2270951122045517
0.28299999237060547,0.2690814137458801
0.30399999022483826,0.309657484292984
0.29899999499320984,0.30078572034835815
0.29499998688697815,0.3033519983291626
0.29100000858306885,0.29437845945358276
0.28700000047683716,0.28374791145324707
0.28299999237060547,0.28368720412254333
0.27799999713897705,0.2810167074203491
0.27399998903274536,0.27618393301963806
0.27000001072883606,0.27152302861213684
0.26600000262260437,0.25650689005851746
0.2619999945163727,0.26345089077949524
0.25699999928474426,0.2598986029624939
0.2529999911785126,0.242689847946167
0.24899999797344208,0.2519741654396057
0.24500000476837158,0.24878104031085968
0.2549999952316284,0.2475162297487259
0.2849999964237213,0.27036747336387634
0.3140000104904175,0.34099650382995605
0.33000001311302185,0.3153088390827179
0.328000009059906,0.32400086522102356
0.32600000500679016,0.32002317905426025
0.3240000009536743,0.3210231363773346
0.32199999690055847,0.32666128873825073
0.3199999928474426,0.3284732699394226
0.3179999887943268,0.3289617598056793
0.3160000145435333,0.31608232855796814
0.3140000104904175,0.3155633509159088
0.3109999895095825,0.3155430555343628
0.3050000071525574,0.30662721395492554
0.2939999997615814,0.30591022968292236
0.28299999237060547,0.2916620075702667
0.2770000100135803,0.28022655844688416
0.27799999713897705,0.27309587597846985
0.27900001406669617,0.2776629328727722
0.2800000011920929,0.27863243222236633
0.25099998712539673,0.2812218964099884
0.21400000154972076,0.2125551700592041
0.21699999272823334,0.20263910293579102
0.2199999988079071,0.21123649179935455
0.22300000488758087,0.2287621647119522
0.22599999606609344,0.22581657767295837
0.2290000021457672,0.22910453379154205
0.23199999332427979,0.23008890450000763
0.21299999952316284,0.23243601620197296
0.1850000023841858,0.18655019998550415
0.1860000044107437,0.16618070006370544
0.18799999356269836,0.18950538337230682
0.1889999955892563,0.19314450025558472
0.1899999976158142,0.1937807947397232
0.19099999964237213,0.190699502825737
0.19200000166893005,0.19298803806304932
0.19300000369548798,0.19348841905593872
0.17599999904632568,0.19027961790561676
0.13699999451637268,0.16947002708911896
0.09669999778270721,0.13021938502788544
0.07689999788999557,0.07576027512550354
0.08340000361204147,0.06744568794965744
0.08980000019073486,0.08741365373134613
0.09629999846220016,0.09370176494121552
0.10300000011920929,0.09703733772039413
0.10899999737739563,0.1074746698141098
0.11599999666213989,0.10669072717428207
0.12200000137090683,0.1201338917016983
0.1289999932050705,0.11890919506549835
0.13500000536441803,0.13761143386363983
0.13099999725818634,0.13937748968601227
0.1120000034570694,0.1287187933921814
0.09309999644756317,0.10984240472316742
0.09260000288486481,0.09092053771018982
0.11599999666213989,0.0954422652721405
0.14000000059604645,0.1423591673374176
0.15299999713897705,0.13928407430648804
0.15399999916553497,0.15057286620140076
0.1550000011920929,0.155157208442688
0.15600000321865082,0.15086989104747772
0.15600000321865082,0.15759135782718658
0.15700000524520874,0.1605234593153
0.15800000727176666,0.1626414954662323
0.1589999943971634,0.1567700356245041
0.1599999964237213,0.1582871824502945
0.16099999845027924,0.162109375
0.16099999845027924,0.15909312665462494
0.16200000047683716,0.16125354170799255
0.16300000250339508,0.16509096324443817
0.164000004529953,0.1598110944032669
0.16500000655651093,0.15787763893604279
0.16599999368190765,0.16233250498771667
0.16599999368190765,0.16544005274772644
0.16699999570846558,0.1708565056324005
0.1679999977350235,0.1727389544248581
0.1720000058412552,0.17015285789966583
0.1809999942779541,0.17372070252895355
0.1889999955892563,0.19323498010635376
0.1850000023841858,0.19296815991401672
0.164000004529953,0.18975287675857544
0.1550000011920929,0.1547410786151886
0.16099999845027924,0.14863789081573486
0.16599999368190765,0.1578664779663086
0.17100000381469727,0.1723068505525589
0.1770000010728836,0.17600665986537933
0.18199999630451202,0.17888306081295013
0.18700000643730164,0.1868744045495987
0.19300000369548798,0.18366006016731262
0.19900000095367432,0.1993250697851181
0.20399999618530273,0.2052544206380844
0.20999999344348907,0.21110905706882477
0.22200000286102295,0.21257096529006958
0.24199999868869781,0.22784696519374847
0.2619999945163727,0.2655050754547119
0.2809999883174896,0.2702096402645111
0.3009999990463257,0.28059834241867065
0.30300000309944153,0.2993548810482025
0.28200000524520874,0.30219271779060364
0.26100000739097595,0.2533233165740967
0.23999999463558197,0.25114762783050537
0.23800000548362732,0.25417885184288025
0.2590000033378601,0.24447675049304962
0.2800000011920929,0.2873397171497345
0.3019999861717224,0.2931300699710846
0.3089999854564667,0.309139221906662
0.29899999499320984,0.3046281635761261
0.289000004529953,0.2815493643283844
0.27900001406669617,0.2872234582901001
0.27000001072883606,0.2752985656261444
0.25999999046325684,0.277330219745636
0.25,0.26518386602401733
0.23999999463558197,0.23101259768009186
0.21299999952316284,0.23191329836845398
0.164000004529953,0.18633094429969788
0.11500000208616257,0.1668677031993866
0.08910000324249268,0.10399654507637024
0.09380000084638596,0.0829303115606308
0.09860000014305115,0.09739124029874802
0.10300000011920929,0.10116979479789734
0.1080000028014183,0.10638624429702759
0.11299999803304672,0.11667220294475555
0.11800000071525574,0.11801056563854218
0.12200000137090683,0.12174884974956512
0.12700000405311584,0.12497976422309875
0.13199999928474426,0.13128286600112915
0.13600000739097595,0.13297519087791443
0.14100000262260437,0.1394098699092865
0.1459999978542328,0.14529019594192505
0.1509999930858612,0.14812183380126953
0.1550000011920929,0.15648818016052246
0.1599999964237213,0.1605294644832611
0.16500000655651093,0.16053235530853271
0.17000000178813934,0.16846653819084167
0.17299999296665192,0.17481322586536407
0.17399999499320984,0.17430371046066284
0.17599999904632568,0.179689422249794
0.1770000010728836,0.18314506113529205
0.17900000512599945,0.18142983317375183
0.18000000715255737,0.18302381038665771
0.1809999942779541,0.18304572999477386
0.17399999499320984,0.18285495042800903
0.15600000321865082,0.16103802621364594
0.1379999965429306,0.13162119686603546
0.11900000274181366,0.13468889892101288
0.11100000143051147,0.11485199630260468
0.11500000208616257,0.10799635946750641
0.11999999731779099,0.1158602237701416
0.12399999797344208,0.1247607097029686
0.12800000607967377,0.13163381814956665
0.13300000131130219,0.13089187443256378
0.13699999451637268,0.13777093589305878
0.1420000046491623,0.13980913162231445
0.1459999978542328,0.14301785826683044
0.15000000596046448,0.14842934906482697
0.15399999916553497,0.14946764707565308
0.15800000727176666,0.15293239057064056
0.16200000047683716,0.16145473718643188
0.16599999368190765,0.16417725384235382
0.16699999570846558,0.16835035383701324
0.16200000047683716,0.16923671960830688
0.15800000727176666,0.15662822127342224
0.15299999713897705,0.15589101612567902
0.14900000393390656,0.1524854302406311
0.14499999582767487,0.14774757623672485
0.14000000059604645,0.14384101331233978
0.14499999582767487,0.13653552532196045
0.16200000047683716,0.16141386330127716
0.17900000512599945,0.19173003733158112
0.19599999487400055,0.18968109786510468
0.21299999952316284,0.2002653032541275
0.23000000417232513,0.21713784337043762
0.24699999392032623,0.23631323873996735
0.2529999911785126,0.24688270688056946
0.24500000476837158,0.24516966938972473
0.2370000034570694,0.23055210709571838
0.23000000417232513,0.23757332563400269
0.22200000286102295,0.22277401387691498
0.21400000154972076,0.21914750337600708
0.20600000023841858,0.21350809931755066
0.20000000298023224,0.20276568830013275
0.1940000057220459,0.1969970017671585
0.1889999955892563,0.19476495683193207
0.18299999833106995,0.18660353124141693
0.17800000309944153,0.18110939860343933
0.1720000058412552,0.1797996610403061
0.16699999570846558,0.16940264403820038
0.16099999845027924,0.16469670832157135
0.1550000011920929,0.15682800114154816
0.15000000596046448,0.1522381603717804
0.14399999380111694,0.1520741730928421
0.15299999713897705,0.14110824465751648
0.1809999942779541,0.1565537452697754
0.19499999284744263,0.21735240519046783
0.19200000166893005,0.20796743035316467
0.1899999976158142,0.18864630162715912
0.18700000643730164,0.18698769807815552
0.18400000035762787,0.18421223759651184
0.18199999630451202,0.1822987049818039
0.17900000512599945,0.17011961340904236
0.17599999904632568,0.1766231209039688
0.17399999499320984,0.17122898995876312
0.17100000381469727,0.17130456864833832
0.1679999977350235,0.1706787794828415
0.16500000655651093,0.1656816005706787
0.16300000250339508,0.1586623340845108
0.1599999964237213,0.16003020107746124
0.15700000524520874,0.15669146180152893
0.1550000011920929,0.15356414020061493
0.15199999511241913,0.15372231602668762
0.14900000393390656,0.14819541573524475
0.1459999978542328,0.1416725516319275
0.14399999380111694,0.14450442790985107
0.14100000262260437,0.14219991862773895
0.1379999965429306,0.13761672377586365
0.13600000739097595,0.13512524962425232
0.13199999928474426,0.1320619136095047
0.12700000405311584,0.12096232175827026
0.12099999934434891,0.12316716462373734
0.11599999666213989,0.11783350259065628
0.11100000143051147,0.11516142636537552
0.10599999874830246,0.11123694479465485
0.10100000351667404,0.10563110560178757
0.12999999523162842,0.10137270390987396
0.1720000058412552,0.15390503406524658
0.1679999977350235,0.19602584838867188
0.16500000655651093,0.1590156853199005
0.16099999845027924,0.16159656643867493
0.15700000524520874,0.1592353880405426
0.15399999916553497,0.15696844458580017
0.15000000596046448,0.15044358372688293
0.1469999998807907,0.1476060301065445
0.14499999582767487,0.14741191267967224
0.14399999380111694,0.1441793292760849
0.14399999380111694,0.143946573138237
0.14399999380111694,0.14368599653244019
0.14399999380111694,0.14638569951057434
0.14300000667572021,0.14452706277370453
0.14300000667572021,0.138159841299057
0.14300000667572021,0.1451030969619751
0.14300000667572021,0.1455286741256714
0.1420000046491623,0.14090462028980255
0.14100000262260437,0.1424025446176529
0.13699999451637268,0.14016959071159363
0.13300000131130219,0.12492520362138748
0.1289999932050705,0.12844732403755188
0.12600000202655792,0.12449290603399277
0.12200000137090683,0.12385758012533188
0.11800000071525574,0.1185217946767807
0.11500000208616257,0.11911091208457947
0.11400000005960464,0.1148301362991333
0.11800000071525574,0.11140439659357071
0.12200000137090683,0.13189606368541718
0.12600000202655792,0.12286483496427536
0.12999999523162842,0.12160468101501465
0.1340000033378601,0.1330093890428543
0.1379999965429306,0.13879777491092682
0.1420000046491623,0.1381603628396988
0.1459999978542328,0.14566823840141296
0.15000000596046448,0.14709706604480743
0.15399999916553497,0.15497905015945435
0.15800000727176666,0.15746916830539703
0.16200000047683716,0.16110733151435852
0.16599999368190765,0.16273070871829987
0.17000000178813934,0.1694413423538208
0.17399999499320984,0.17320409417152405
0.17800000309944153,0.17659959197044373
0.1809999942779541,0.17763981223106384
0.18199999630451202,0.1820056438446045
0.18299999833106995,0.18386149406433105
0.18400000035762787,0.1817489117383957
0.1850000023841858,0.1866103857755661
0.1860000044107437,0.1902819275856018
0.18799999356269836,0.1929507553577423
0.21400000154972076,0.1913241297006607
0.24199999868869781,0.24216993153095245
0.2280000001192093,0.24745051562786102
0.21400000154972076,0.21887286007404327
0.20000000298023224,0.20593172311782837
0.1860000044107437,0.19908183813095093
0.18000000715255737,0.18723082542419434
0.18400000035762787,0.17434319853782654
0.18700000643730164,0.18255816400051117
0.19099999964237213,0.1903115063905716
0.19499999284744263,0.19648276269435883
0.19900000095367432,0.1959204077720642
0.2029999941587448,0.2040867805480957
0.2070000022649765,0.20537851750850677
0.20999999344348907,0.20778582990169525
0.21400000154972076,0.21030491590499878
0.21799999475479126,0.21501502394676208
0.2150000035762787,0.2215750813484192
0.20200000703334808,0.21425212919712067
0.1899999976158142,0.18373139202594757
0.1770000010728836,0.16779890656471252
0.16500000655651093,0.17113159596920013
0.15199999511241913,0.15739813446998596
0.14000000059604645,0.1500951051712036
0.12700000405311584,0.13928452134132385
0.11500000208616257,0.1282123476266861
0.1120000034570694,0.11711852997541428
0.12300000339746475,0.11142470687627792
0.1340000033378601,0.1422853171825409
0.14499999582767487,0.13212363421916962
0.15600000321865082,0.14335370063781738
0.15800000727176666,0.16712971031665802
0.14900000393390656,0.16194070875644684
0.14000000059604645,0.13530947268009186
0.13099999725818634,0.1381531059741974
0.12200000137090683,0.1280539333820343
0.11299999803304672,0.12387832254171371
0.10400000214576721,0.10997055470943451
0.10199999809265137,0.10119930654764175
0.10899999737739563,0.10081034153699875
0.11699999868869781,0.11804982274770737
0.12399999797344208,0.11985814571380615
0.13199999928474426,0.12458179891109467
0.13899999856948853,0.1360771358013153
0.1469999998807907,0.14444029331207275
0.15399999916553497,0.1570751965045929
0.16200000047683716,0.15735220909118652
0.17100000381469727,0.16802531480789185
0.17900000512599945,0.1717817485332489
0.18199999630451202,0.17741841077804565
0.1770000010728836,0.18006207048892975
0.1720000058412552,0.16322776675224304
0.16699999570846558,0.16899269819259644
0.16200000047683716,0.16490153968334198
0.15700000524520874,0.15915878117084503
0.1509999930858612,0.15458521246910095
0.1459999978542328,0.14987938106060028
0.14100000262260437,0.14228737354278564
0.13600000739097595,0.1349095106124878
0.13099999725818634,0.13533815741539001
0.12600000202655792,0.12840045988559723
0.12099999934434891,0.12313446402549744
0.11599999666213989,0.11711108684539795
0.11299999803304672,0.11408913135528564
0.11100000143051147,0.10659157484769821
0.10999999940395355,0.10746054351329803
0.10899999737739563,0.10703641176223755
0.10700000077486038,0.10562920570373535
0.10599999874830246,0.10691718012094498
0.10400000214576721,0.1069832369685173
0.10300000011920929,0.1010352075099945
0.125,0.10183610022068024
0.1770000010728836,0.15231943130493164
0.2070000022649765,0.19663125276565552
0.2070000022649765,0.1962989717721939
0.2070000022649765,0.20376171171665192
0.20800000429153442,0.203511044383049
0.20800000429153442,0.20733103156089783
0.20800000429153442,0.21193313598632812
0.20800000429153442,0.2147354632616043
0.20800000429153442,0.21209309995174408
0.20900000631809235,0.20594708621501923
0.20900000631809235,0.21509093046188354
0.20999999344348907,0.21158364415168762
0.21199999749660492,0.2098829597234726
0.21400000154972076,0.2112300544977188
0.2160000056028366,0.2128828763961792
0.21899999678134918,0.2191580832004547
0.22100000083446503,0.2233094573020935
0.22300000488758087,0.22489595413208008
0.22499999403953552,0.2285558581352234
0.2280000001192093,0.22897030413150787
0.23000000417232513,0.23145946860313416
0.23199999332427979,0.23287524282932281
0.23399999737739563,0.23472292721271515
0.23600000143051147,0.23639459908008575
0.210999995470047,0.23679609596729279
0.14900000393390656,0.17770519852638245
0.11800000071525574,0.13387246429920197
0.1289999932050705,0.10716323554515839
0.14100000262260437,0.15044823288917542
0.15199999511241913,0.1538161039352417
0.16300000250339508,0.154190331697464
0.17399999499320984,0.17342142760753632
0.1850000023841858,0.1814500391483307
0.19599999487400055,0.19112062454223633
0.2070000022649765,0.20294791460037231
0.21899999678134918,0.20666761696338654
0.23000000417232513,0.22440499067306519
0.2409999966621399,0.23311345279216766
0.23899999260902405,0.24301882088184357
0.22100000083446503,0.24024148285388947
0.20200000703334808,0.19996143877506256
0.18400000035762787,0.1908600628376007
0.1720000058412552,0.1799466460943222
0.1679999977350235,0.17134051024913788
0.16500000655651093,0.1637941598892212
0.16099999845027924,0.16253969073295593
0.15800000727176666,0.1607952117919922
0.15199999511241913,0.1478836089372635
0.1420000046491623,0.14681261777877808
0.13300000131130219,0.13585712015628815
0.12399999797344208,0.13157255947589874
0.11400000005960464,0.12116482853889465
0.10499999672174454,0.10997062921524048
0.10199999809265137,0.10203797370195389
0.10899999737739563,0.09655051678419113
0.11500000208616257,0.12137726694345474
0.12099999934434891,0.11771595478057861
0.12700000405311584,0.12243619561195374
0.1340000033378601,0.1319495588541031
0.14000000059604645,0.1414508819580078
0.1459999978542328,0.14783236384391785
0.15199999511241913,0.15183234214782715
0.1589999943971634,0.15775306522846222
0.16500000655651093,0.16567277908325195
0.17100000381469727,0.16863828897476196
0.1770000010728836,0.17262017726898193
0.18400000035762787,0.1835169494152069
0.1860000044107437,0.18953248858451843
0.18299999833106995,0.18905691802501678
0.18000000715255737,0.18328894674777985
0.1770000010728836,0.18162591755390167
0.17399999499320984,0.17990677058696747
0.1550000011920929,0.16746513545513153
0.11500000208616257,0.1275443285703659
0.07580000162124634,0.070294588804245
0.052799999713897705,0.06748016923666
0.05130000039935112,0.04880072548985481
0.04989999905228615,0.04919915273785591
0.048500001430511475,0.04687522351741791
0.0471000000834465,0.04138803109526634
0.04569999873638153,0.04454556480050087
0.044199999421834946,0.04270324483513832
0.04280000180006027,0.03990720957517624
0.0414000004529953,0.039383433759212494
0.03999999910593033,0.0369398333132267
0.038600001484155655,0.037958934903144836
0.03720000013709068,0.03204170614480972
0.0357000008225441,0.03293623775243759
0.034299999475479126,0.030569441616535187
0.03290000185370445,0.03265084698796272
0.03150000050663948,0.031095480546355247
0.03009999915957451,0.02860255539417267
0.028599999845027924,0.0267757847905159
0.0272000003606081,0.024020666256546974
0.025800000876188278,0.01585305482149124
0.030799999833106995,0.021147876977920532
0.04410000145435333,0.026067228987812996
0.06689999997615814,0.0695490837097168
0.10199999809265137,0.11459645628929138
0.20600000023841858,0.11423011124134064
0.3269999921321869,0.30962783098220825
0.3529999852180481,0.47097355127334595
0.3479999899864197,0.35202208161354065
0.30300000309944153,0.34768497943878174
0.2759999930858612,0.25668901205062866
0.27300000190734863,0.29704293608665466
0.2709999978542328,0.2809297442436218
0.26899999380111694,0.2692868411540985
0.2669999897480011,0.26897525787353516
0.2809999883174896,0.2567344605922699
0.2919999957084656,0.30217406153678894
0.26899999380111694,0.2920098602771759
0.26499998569488525,0.2389366626739502
0.2849999964237213,0.25325509905815125
0.3059999942779541,0.3050694763660431
0.32600000500679016,0.31874725222587585
0.32899999618530273,0.3362111747264862
0.3089999854564667,0.3279789388179779
0.289000004529953,0.2822584807872772
0.2590000033378601,0.2489488273859024
0.21699999272823334,0.2573852241039276
0.17399999499320984,0.21015769243240356
0.14800000190734863,0.0975860133767128
0.14100000262260437,0.1490813046693802
0.13500000536441803,0.13835647702217102
0.1289999932050705,0.1210879385471344
0.12300000339746475,0.12793436646461487
0.15800000727176666,0.12536665797233582
0.24899999797344208,0.20889972150325775
0.30000001192092896,0.29569727182388306
0.3449999988079071,0.3267059326171875
0.39800000190734863,0.3330669403076172
0.38499999046325684,0.4135148525238037
0.3720000088214874,0.37202876806259155
0.3580000102519989,0.3514009714126587
0.3449999988079071,0.36343738436698914
0.3319999873638153,0.3514682650566101
0.3179999887943268,0.33119937777519226
0.3050000071525574,0.3091447353363037
0.29100000858306885,0.29986298084259033
0.27799999713897705,0.289307177066803
0.26499998569488525,0.24788954854011536
0.25200000405311584,0.257747083902359
0.23999999463558197,0.2530982196331024
0.22699999809265137,0.2398499846458435
0.2150000035762787,0.2262904793024063
0.2029999941587448,0.19815465807914734
0.1770000010728836,0.1996871381998062
0.13300000131130219,0.16415564715862274
0.10999999940395355,0.11227644234895706
0.11400000005960464,0.11009640991687775
0.11900000274181366,0.10846399515867233
0.12399999797344208,0.12682783603668213
0.1289999932050705,0.12835845351219177
0.13300000131130219,0.12934857606887817
0.1379999965429306,0.13377703726291656
0.14300000667572021,0.14063771069049835
0.13899999856948853,0.14819388091564178
0.12300000339746475,0.12444007396697998
0.10700000077486038,0.12250672280788422
0.09049999713897705,0.10901288688182831
0.0828000009059906,0.08411488682031631
0.0860000029206276,0.08202767372131348
0.0892999991774559,0.08384642004966736
0.0925000011920929,0.09131218492984772
0.09570000320672989,0.09511841833591461
0.09889999777078629,0.09014168381690979
0.10199999809265137,0.10281771421432495
0.10499999672174454,0.10286704450845718
0.10899999737739563,0.10793503373861313
0.1120000034570694,0.11768557131290436
0.11500000208616257,0.1138954609632492
0.11800000071525574,0.11946786940097809
0.12200000137090683,0.12187996506690979
0.125,0.12714169919490814
0.12800000607967377,0.13671594858169556
0.1340000033378601,0.13161809742450714
0.14300000667572021,0.13789866864681244
0.1509999930858612,0.1662461757659912
0.1599999964237213,0.1586012840270996
0.16899999976158142,0.16147039830684662
0.1340000033378601,0.1686573177576065
0.08389999717473984,0.09103912115097046
0.08720000088214874,0.08010446280241013
0.09049999713897705,0.0783960372209549
0.09380000084638596,0.10370972007513046
0.09709999710321426,0.09974458068609238
0.10000000149011612,0.1003710925579071
0.10400000214576721,0.10173328965902328
0.10700000077486038,0.10268042981624603
0.10999999940395355,0.10171857476234436
0.11400000005960464,0.110517218708992
0.11699999868869781,0.11791083216667175
0.11999999731779099,0.12198178470134735
0.12399999797344208,0.11889491975307465
0.12700000405311584,0.12772957980632782
0.12999999523162842,0.1305544078350067
0.1340000033378601,0.13432098925113678
0.13699999451637268,0.13872095942497253
0.14900000393390656,0.1390659213066101
0.1720000058412552,0.17259541153907776
0.19499999284744263,0.19792774319648743
0.21799999475479126,0.2109220325946808
0.2409999966621399,0.22278739511966705
0.24799999594688416,0.24753963947296143
0.23399999737739563,0.25359636545181274
0.2199999988079071,0.2158147394657135
0.20600000023841858,0.213212251663208
0.19300000369548798,0.20462000370025635
0.17900000512599945,0.19996075332164764
0.18199999630451202,0.17389042675495148
0.2070000022649765,0.17678649723529816
0.23199999332427979,0.2238273322582245
0.257999986410141,0.2399565577507019
0.26899999380111694,0.2659533619880676
0.2630000114440918,0.27412283420562744
0.25699999928474426,0.25617551803588867
0.25099998712539673,0.25411924719810486
0.24500000476837158,0.2500644028186798
0.23899999260902405,0.24382351338863373
0.21400000154972076,0.2389797419309616
0.18700000643730164,0.19053691625595093
0.1899999976158142,0.15631385147571564
0.19300000369548798,0.18636676669120789
0.19499999284744263,0.1965276002883911
0.1979999989271164,0.19717997312545776
0.20100000500679016,0.1957378089427948
0.20399999618530273,0.20231212675571442
0.2070000022649765,0.20760205388069153
0.20999999344348907,0.20646704733371735
0.21199999749660492,0.21159769594669342
0.2150000035762787,0.2150629460811615
0.21799999475479126,0.21952612698078156
0.22100000083446503,0.22303561866283417
0.24799999594688416,0.22413553297519684
0.27799999713897705,0.27518230676651
0.2680000066757202,0.2835043668746948
0.2590000033378601,0.2628914713859558
0.25,0.2602785527706146
0.23999999463558197,0.24613235890865326
0.23100000619888306,0.22615303099155426
0.22200000286102295,0.2301885485649109
0.21299999952316284,0.2169254571199417
0.2029999941587448,0.20742231607437134
0.1940000057220459,0.19894421100616455
0.1850000023841858,0.1961747109889984
0.17499999701976776,0.1880808025598526
0.16599999368190765,0.17226721346378326
0.19099999964237213,0.15912728011608124
0.23199999332427979,0.2271004468202591
0.23800000548362732,0.251821368932724
0.24300000071525574,0.2259480059146881
0.24799999594688416,0.24756106734275818
0.2540000081062317,0.24982240796089172
0.2590000033378601,0.25765132904052734
0.26499998569488525,0.2557446360588074
0.2549999952316284,0.26810240745544434
0.22499999403953552,0.24372485280036926
0.19499999284744263,0.17976637184619904
0.16500000655651093,0.19550421833992004
0.1469999998807907,0.15689778327941895
0.14499999582767487,0.14499524235725403
0.14300000667572021,0.14348092675209045
0.14100000262260437,0.1402636021375656
0.13899999856948853,0.14054037630558014
0.13699999451637268,0.1372918039560318
0.13500000536441803,0.13485679030418396
0.13300000131130219,0.1343844085931778
0.13099999725818634,0.1293277144432068
0.1289999932050705,0.1269550323486328
0.12700000405311584,0.1266343593597412
0.125,0.12390715628862381
0.12300000339746475,0.12091506272554398
0.11699999868869781,0.11971935629844666
0.10599999874830246,0.1032731831073761
0.09430000185966492,0.10277650505304337
0.08299999684095383,0.09253969043493271
0.08219999819993973,0.07800016552209854
0.0949999988079071,0.07831522822380066
0.1080000028014183,0.11723141372203827
0.12099999934434891,0.10724160075187683
0.13300000131130219,0.1289854496717453
0.1459999978542328,0.13524805009365082
0.1589999943971634,0.1463112086057663
0.1720000058412552,0.16549080610275269
0.17599999904632568,0.17638830840587616
0.16899999976158142,0.17073309421539307
0.16200000047683716,0.15595151484012604
0.1550000011920929,0.16036787629127502
0.14900000393390656,0.1566174328327179
0.1420000046491623,0.1524823158979416
0.16099999845027924,0.13571877777576447
0.1889999955892563,0.18962030112743378
0.1850000023841858,0.19711939990520477
0.18000000715255737,0.17060713469982147
0.17599999904632568,0.17788881063461304
0.1720000058412552,0.17295964062213898
0.16699999570846558,0.1657467633485794
0.16300000250339508,0.15723302960395813
0.1589999943971634,0.15853537619113922
0.15399999916553497,0.1562245935201645
0.15000000596046448,0.15167951583862305
0.1459999978542328,0.1536174863576889
0.14100000262260437,0.14913295209407806
0.1509999930858612,0.14046266674995422
0.17900000512599945,0.16192251443862915
0.2070000022649765,0.19387680292129517
0.22100000083446503,0.2212642878293991
0.21699999272823334,0.2182062864303589
0.21299999952316284,0.21065005660057068
0.20900000631809235,0.21046186983585358
0.20499999821186066,0.2031135857105255
0.20100000500679016,0.2014768272638321
0.19699999690055847,0.1987244039773941
0.19300000369548798,0.1867477148771286
0.1889999955892563,0.18728242814540863
0.1850000023841858,0.18663468956947327
0.1809999942779541,0.18535499274730682
0.1770000010728836,0.1790272295475006
0.17299999296665192,0.1736815869808197
0.16899999976158142,0.17327100038528442
0.16899999976158142,0.16736795008182526
0.17299999296665192,0.16899633407592773
0.1770000010728836,0.17863400280475616
0.18199999630451202,0.17809274792671204
0.1860000044107437,0.1841735541820526
0.1899999976158142,0.1895858198404312
0.19499999284744263,0.18994465470314026
0.18700000643730164,0.1928563416004181
0.16300000250339508,0.17257601022720337
0.13899999856948853,0.15260307490825653
0.125,0.13730405271053314
0.12399999797344208,0.12427721917629242
0.12300000339746475,0.1236700788140297
0.12200000137090683,0.12716811895370483
0.14399999380111694,0.12667714059352875
0.19599999487400055,0.16808277368545532
0.2280000001192093,0.2150096297264099
0.23499999940395355,0.2269558310508728
0.22300000488758087,0.2269839197397232
0.1860000044107437,0.2048032283782959
0.16599999368190765,0.16992676258087158
0.16699999570846558,0.16278645396232605
0.1679999977350235,0.16255277395248413
0.16899999976158142,0.17252416908740997
0.17000000178813934,0.1734762191772461
0.17100000381469727,0.1709132343530655
0.1720000058412552,0.1705438643693924
0.17299999296665192,0.16612200438976288
0.17399999499320984,0.16798163950443268
0.10499999672174454,0.1707364320755005
0.018200000748038292,0.022590696811676025
0.026599999517202377,-0.02717425674200058
0.035100001841783524,0.01840372383594513
0.04349999874830246,0.047907691448926926
0.052000001072883606,0.05791641026735306
0.06040000170469284,0.05753888934850693
0.14499999582767487,0.06386595964431763
0.26499998569488525,0.24595923721790314
0.3019999861717224,0.288636714220047
0.3089999854564667,0.2584867775440216
0.27799999713897705,0.28539472818374634
0.2460000067949295,0.24225792288780212
0.2150000035762787,0.23537638783454895
0.11699999868869781,0.15204757452011108
0.01590000092983246,-0.012920498847961426
0.022299999371170998,-0.0024382323026657104
0.028699999675154686,0.05759081616997719
0.035100001841783524,0.03394415229558945
0.04149999842047691,0.04493124410510063
0.04780000075697899,0.04765033721923828
0.0625,0.04915796220302582
0.08810000121593475,0.07082409411668777
0.11400000005960464,0.10579296201467514
0.13899999856948853,0.1256934404373169
0.20200000703334808,0.15088190138339996
0.27000001072883606,0.23018518090248108
0.2809999883174896,0.3054734468460083
0.29100000858306885,0.2879162132740021
0.3019999861717224,0.29585593938827515
0.31200000643730164,0.3062199354171753
0.3230000138282776,0.3122103810310364
0.3199999928474426,0.3303740918636322
0.29899999499320984,0.31768155097961426
0.27900001406669617,0.2839288115501404
0.257999986410141,0.2746622860431671
0.23800000548362732,0.2491704225540161
0.21799999475479126,0.23956377804279327
0.19699999690055847,0.2091105878353119
0.18700000643730164,0.1864493489265442
0.1889999955892563,0.1784517467021942
0.19099999964237213,0.18581704795360565
0.1940000057220459,0.19466108083724976
0.19599999487400055,0.19920451939105988
0.19900000095367432,0.20195363461971283
0.20100000500679016,0.20196259021759033
0.2029999941587448,0.20427975058555603
0.20600000023841858,0.20801039040088654
0.20800000429153442,0.2111237496137619
0.210999995470047,0.2071550339460373
0.21299999952316284,0.2096094787120819
0.2150000035762787,0.21884188055992126
0.21400000154972076,0.21815615892410278
0.20900000631809235,0.20903269946575165
0.20399999618530273,0.20231938362121582
0.1979999989271164,0.20033736526966095
0.19300000369548798,0.19597280025482178
0.18799999356269836,0.1904204785823822
0.18199999630451202,0.18517310917377472
0.1770000010728836,0.17801134288311005
0.1720000058412552,0.17298372089862823
0.16599999368190765,0.16801781952381134
0.16099999845027924,0.16293776035308838
0.15600000321865082,0.160400852560997
0.15000000596046448,0.1499888002872467
0.14499999582767487,0.14867669343948364
0.14000000059604645,0.14036917686462402
0.1340000033378601,0.13668952882289886
0.1289999932050705,0.12882700562477112
0.12399999797344208,0.1256360560655594
0.12099999934434891,0.12098877876996994
0.12300000339746475,0.11900592595338821
0.12399999797344208,0.12988270819187164
0.12600000202655792,0.12757915258407593
0.12700000405311584,0.13211460411548615
0.13300000131130219,0.13165703415870667
0.14300000667572021,0.1408766806125641
0.15299999713897705,0.14765653014183044
0.16300000250339508,0.15188275277614594
0.17399999499320984,0.1617264598608017
0.18400000035762787,0.1843370944261551
0.1720000058412552,0.19019347429275513
0.12999999523162842,0.15290950238704681
0.1080000028014183,0.13062702119350433
0.11100000143051147,0.10404035449028015
0.11500000208616257,0.105440154671669
0.11800000071525574,0.12599612772464752
0.12099999934434891,0.12303588539361954
0.125,0.1266596019268036
0.12800000607967377,0.1292344629764557
0.13099999725818634,0.1324339210987091
0.13500000536441803,0.13458989560604095
0.1379999965429306,0.13786305487155914
0.14100000262260437,0.13896547257900238
0.14499999582767487,0.14357896149158478
0.14800000190734863,0.1499965488910675
0.1509999930858612,0.14904068410396576
0.1550000011920929,0.15528498589992523
0.15800000727176666,0.15670712292194366
0.16099999845027924,0.16225387156009674
0.16500000655651093,0.16261892020702362
0.16300000250339508,0.1635133922100067
0.1550000011920929,0.15245884656906128
0.1469999998807907,0.15083889663219452
0.13899999856948853,0.14544594287872314
0.13099999725818634,0.12129007279872894
0.12300000339746475,0.12978507578372955
0.11599999666213989,0.12544424831867218
0.13899999856948853,0.1108633279800415
0.17499999701976776,0.16868382692337036
0.17499999701976776,0.19318583607673645
0.17399999499320984,0.16397136449813843
0.17399999499320984,0.179910808801651
0.17299999296665192,0.17513401806354523
0.17299999296665192,0.1784011423587799
0.18000000715255737,0.17602194845676422
0.19900000095367432,0.19152088463306427
0.21799999475479126,0.2170960158109665
0.2370000034570694,0.22766126692295074
0.23399999737739563,0.2355729043483734
0.20499999821186066,0.22689983248710632
0.17599999904632568,0.1647581309080124
0.1459999978542328,0.15692546963691711
0.12999999523162842,0.14007677137851715
0.13199999928474426,0.12314482778310776
0.13300000131130219,0.12930484116077423
0.13500000536441803,0.1346353143453598
0.13600000739097595,0.14091403782367706
0.1379999965429306,0.13899701833724976
0.13899999856948853,0.1411857157945633
0.14000000059604645,0.14288081228733063
0.1420000046491623,0.14526081085205078
0.14300000667572021,0.14518018066883087
0.14499999582767487,0.14275376498699188
0.1459999978542328,0.1489812284708023
0.14800000190734863,0.14752405881881714
0.14900000393390656,0.15146192908287048
0.1509999930858612,0.15031974017620087
0.15199999511241913,0.15448711812496185
0.15399999916553497,0.1531054526567459
0.1550000011920929,0.14768457412719727
0.1469999998807907,0.13986895978450775
0.12600000202655792,0.14144110679626465
0.10499999672174454,0.12467899173498154
0.09399999678134918,0.10388679802417755
0.09480000287294388,0.08904361724853516
0.09560000151395798,0.09217129647731781
0.09640000015497208,0.10043098032474518
0.09730000048875809,0.1000949963927269
0.09809999912977219,0.101589635014534
0.09889999777078629,0.09856141358613968
0.09969999641180038,0.10921044647693634
0.10000000149011612,0.10411793738603592
0.10100000351667404,0.09996117651462555
0.10199999809265137,0.10040462762117386
0.10300000011920929,0.09385640174150467
0.10400000214576721,0.0968775674700737
0.07880000025033951,0.10066386312246323
0.045899998396635056,0.06218462064862251
0.04639999940991402,0.02350858598947525
0.04690000042319298,0.04084707051515579
0.04749999940395355,0.040851082652807236
0.059300001710653305,0.04296458140015602
0.08579999953508377,0.08090662956237793
0.1599999964237213,0.13390740752220154
0.24400000274181366,0.20486170053482056
0.257999986410141,0.30026954412460327
0.2720000147819519,0.27537214756011963
0.28600001335144043,0.27682259678840637
0.30000001192092896,0.2902645170688629
0.3140000104904175,0.3075512945652008
0.35199999809265137,0.3274281620979309
0.3869999945163727,0.3647731840610504
0.3790000081062317,0.4173359274864197
0.3709999918937683,0.38171449303627014
0.3619999885559082,0.3685634136199951
0.3540000021457672,0.358481764793396
0.34599998593330383,0.35400158166885376
0.3370000123977661,0.3464019000530243
0.32899999618530273,0.3336884677410126
0.32100000977516174,0.3313148319721222
0.31700000166893005,0.33796191215515137
0.3199999928474426,0.3164169192314148
0.3230000138282776,0.32396069169044495
0.32600000500679016,0.32242605090141296
0.26600000262260437,0.32587194442749023
0.18400000035762787,0.23016804456710815
0.18299999833106995,0.16241587698459625
0.18199999630451202,0.1782650500535965
0.1809999942779541,0.178993821144104
0.18000000715255737,0.17865347862243652
0.17900000512599945,0.18293137848377228
0.17800000309944153,0.18103331327438354
0.1770000010728836,0.17659805715084076
0.17499999701976776,0.1736983060836792
0.17399999499320984,0.165840744972229
0.17299999296665192,0.1724090427160263
0.1720000058412552,0.17171959578990936
0.17100000381469727,0.1666879653930664
0.17000000178813934,0.16926796734333038
0.16899999976158142,0.1673823595046997
0.1679999977350235,0.16600301861763
0.16699999570846558,0.18286101520061493
0.16599999368190765,0.16098599135875702
0.16500000655651093,0.16316820681095123
0.16599999368190765,0.1635376214981079
0.16899999976158142,0.17115382850170135
0.1720000058412552,0.17439347505569458
0.17599999904632568,0.17255668342113495
0.17900000512599945,0.17606152594089508
0.18199999630451202,0.1919039934873581
0.1860000044107437,0.18351295590400696
0.1889999955892563,0.18565136194229126
0.19200000166893005,0.19119223952293396
0.19599999487400055,0.19828471541404724
0.19900000095367432,0.20006100833415985
0.20200000703334808,0.2029818296432495
0.20600000023841858,0.20557455718517303
0.20999999344348907,0.2122577428817749
0.21400000154972076,0.212866872549057
0.21799999475479126,0.2161100059747696
0.22200000286102295,0.21835701167583466
0.22599999606609344,0.2255355715751648
0.22599999606609344,0.2297886162996292
0.22100000083446503,0.2257806360721588
0.21699999272823334,0.21648742258548737
0.21199999749660492,0.21615976095199585
0.2070000022649765,0.21547730267047882
0.20399999618530273,0.2038508802652359
0.2029999941587448,0.2042005956172943
0.20100000500679016,0.20022979378700256
0.20000000298023224,0.19803117215633392
0.19900000095367432,0.19557218253612518
0.19699999690055847,0.19801577925682068
0.19599999487400055,0.19484061002731323
0.19499999284744263,0.19368115067481995
0.19300000369548798,0.19215358793735504
0.19200000166893005,0.18903151154518127
0.19099999964237213,0.18802668154239655
0.1899999976158142,0.19061292707920074
0.18799999356269836,0.18760716915130615
0.18700000643730164,0.18604496121406555
0.1860000044107437,0.18410202860832214
0.18400000035762787,0.18370167911052704
0.18299999833106995,0.18061703443527222
0.18199999630451202,0.18339164555072784
0.18199999630451202,0.18321166932582855
0.18299999833106995,0.18123529851436615
0.18299999833106995,0.18250057101249695
0.18299999833106995,0.1890246570110321
0.18299999833106995,0.18513593077659607
0.18299999833106995,0.1830555945634842
0.18299999833106995,0.1821700781583786
0.18299999833106995,0.18880368769168854
0.18299999833106995,0.1838250458240509
0.18400000035762787,0.1889188438653946
0.18400000035762787,0.18372339010238647
0.18400000035762787,0.18126004934310913
0.18400000035762787,0.18730749189853668
0.18400000035762787,0.18527179956436157
0.18400000035762787,0.17083781957626343
0.18400000035762787,0.17940431833267212
0.18400000035762787,0.18190529942512512
0.18400000035762787,0.18244868516921997
0.1850000023841858,0.18532989919185638
0.1850000023841858,0.1903965026140213
0.1850000023841858,0.18904080986976624
0.1850000023841858,0.18504515290260315
0.1850000023841858,0.18117886781692505
0.1850000023841858,0.1810072958469391
0.1850000023841858,0.19102513790130615
0.1850000023841858,0.1898934692144394
0.1860000044107437,0.18452505767345428
0.1850000023841858,0.19855569303035736
0.18299999833106995,0.18725156784057617
0.1809999942779541,0.1827019304037094
0.17900000512599945,0.19808167219161987
0.17599999904632568,0.17630112171173096
0.17399999499320984,0.17514802515506744
0.1720000058412552,0.17206673324108124
0.17000000178813934,0.16970263421535492
0.1679999977350235,0.1656496375799179
0.16599999368190765,0.16530932486057281
0.164000004529953,0.16471947729587555
0.16200000047683716,0.16241073608398438
0.1599999964237213,0.16016006469726562
0.15800000727176666,0.15704502165317535
0.15700000524520874,0.15725740790367126
0.15700000524520874,0.15496991574764252
0.15700000524520874,0.15560097992420197
0.15800000727176666,0.15227678418159485
0.15800000727176666,0.15487520396709442
0.15800000727176666,0.1546601504087448
0.15800000727176666,0.15487419068813324
0.1589999943971634,0.15810023248195648
0.1589999943971634,0.16403383016586304
0.1589999943971634,0.15753385424613953
0.1589999943971634,0.15778568387031555
0.1589999943971634,0.15570303797721863
0.1599999964237213,0.1594177931547165
0.1599999964237213,0.15994861721992493
0.1599999964237213,0.16318851709365845
0.1599999964237213,0.16637642681598663
0.16099999845027924,0.16546662151813507
0.16099999845027924,0.165133535861969
0.16099999845027924,0.160639688372612
0.16099999845027924,0.15626411139965057
0.16200000047683716,0.15686647593975067
0.16200000047683716,0.16538885235786438
0.16200000047683716,0.1578066498041153
0.16200000047683716,0.15805687010288239
0.16200000047683716,0.16729679703712463
0.16300000250339508,0.1640922874212265
0.16300000250339508,0.16253527998924255
0.16300000250339508,0.16222432255744934
0.16300000250339508,0.15988700091838837
0.164000004529953,0.16325920820236206
0.164000004529953,0.16912266612052917
0.164000004529953,0.16919070482254028
0.164000004529953,0.1642613559961319
0.164000004529953,0.15045514702796936
0.16500000655651093,0.16039890050888062
0.16200000047683716,0.16394054889678955
0.1550000011920929,0.15544262528419495
0.14900000393390656,0.1512758880853653
0.1420000046491623,0.14830270409584045
0.13600000739097595,0.1397821605205536
0.1289999932050705,0.13768769800662994
0.12300000339746475,0.12755075097084045
0.11599999666213989,0.11535318195819855
0.11999999731779099,0.11279115825891495
0.13899999856948853,0.13921421766281128
0.15800000727176666,0.15986043214797974
0.1679999977350235,0.15851061046123505
0.16699999570846558,0.1778658628463745
0.16599999368190765,0.16800832748413086
0.16500000655651093,0.16339804232120514
0.164000004529953,0.16266542673110962
0.16300000250339508,0.1600596010684967
0.16200000047683716,0.15989364683628082
0.16099999845027924,0.15886735916137695
0.1599999964237213,0.15905234217643738
0.1589999943971634,0.16070407629013062
0.15700000524520874,0.15802669525146484
0.15600000321865082,0.15410032868385315
0.15600000321865082,0.15631422400474548
0.15800000727176666,0.16018755733966827
0.1589999943971634,0.15613552927970886
0.1599999964237213,0.16048216819763184
0.16099999845027924,0.1637352705001831
0.16200000047683716,0.15964345633983612
0.16300000250339508,0.15922825038433075
0.164000004529953,0.15996053814888
0.16599999368190765,0.161433145403862
0.16699999570846558,0.17188626527786255
0.1679999977350235,0.16970203816890717
0.16899999976158142,0.1650521159172058
0.17000000178813934,0.1660546064376831
0.17100000381469727,0.17358359694480896
0.17299999296665192,0.17805202305316925
0.17399999499320984,0.1765088438987732
0.17499999701976776,0.17337581515312195
0.17599999904632568,0.17913566529750824
0.1770000010728836,0.18115469813346863
0.1770000010728836,0.17849646508693695
0.17599999904632568,0.17585426568984985
0.17499999701976776,0.17695996165275574
0.17399999499320984,0.17595048248767853
0.17299999296665192,0.17155666649341583
0.1720000058412552,0.1693107783794403
0.17100000381469727,0.16811421513557434
0.17000000178813934,0.1699533462524414
0.16899999976158142,0.16903729736804962
0.1679999977350235,0.1583794802427292
0.16699999570846558,0.16622582077980042
0.16500000655651093,0.1652771234512329
0.164000004529953,0.15802480280399323
0.16300000250339508,0.15978936851024628
0.16200000047683716,0.16078796982765198
0.16099999845027924,0.16382834315299988
0.1599999964237213,0.15430675446987152
0.1589999943971634,0.15784688293933868
0.15800000727176666,0.15646296739578247
0.15700000524520874,0.1557966023683548
0.15600000321865082,0.16637952625751495
0.1550000011920929,0.16035567224025726
0.15299999713897705,0.16063383221626282
0.15199999511241913,0.1480432152748108
0.1509999930858612,0.15042707324028015
0.15000000596046448,0.1493108570575714
0.14900000393390656,0.14582885801792145
0.14800000190734863,0.14833015203475952
0.1469999998807907,0.14581777155399323
0.1459999978542328,0.14314217865467072
0.14499999582767487,0.14957033097743988
0.14399999380111694,0.14732514321804047
0.14300000667572021,0.1435856968164444
0.14100000262260437,0.14228235185146332
0.14000000059604645,0.13994090259075165
0.13899999856948853,0.13435052335262299
0.1379999965429306,0.13494521379470825
0.13699999451637268,0.1352929174900055
0.13600000739097595,0.13449856638908386
0.13500000536441803,0.1334151029586792
0.1340000033378601,0.13137187063694
0.13300000131130219,0.13114120066165924
0.13300000131130219,0.1296473890542984
0.1340000033378601,0.12852106988430023
0.13500000536441803,0.1319347470998764
0.13600000739097595,0.13182269036769867
0.13699999451637268,0.13678736984729767
0.1379999965429306,0.1354716420173645
0.13899999856948853,0.13726744055747986
0.14000000059604645,0.14239370822906494
0.14000000059604645,0.14524924755096436
0.13699999451637268,0.14198364317417145
0.13500000536441803,0.1256953477859497
0.13199999928474426,0.13248978555202484
0.12999999523162842,0.1298397034406662
0.12700000405311584,0.12636351585388184
0.125,0.12647034227848053
0.12200000137090683,0.12472457438707352
0.11900000274181366,0.12142646312713623
0.11699999868869781,0.11712080240249634
0.11400000005960464,0.1092602014541626
0.1120000034570694,0.1127399280667305
0.10899999737739563,0.1091180369257927
0.10700000077486038,0.1009490117430687
0.10599999874830246,0.10589602589607239
0.1080000028014183,0.104310542345047
0.11100000143051147,0.10584007948637009
0.11299999803304672,0.10444857180118561
0.11500000208616257,0.10976685583591461
0.11800000071525574,0.11630190163850784
0.11999999731779099,0.11901955306529999
0.12200000137090683,0.12281756103038788
0.125,0.12585288286209106
0.12700000405311584,0.1293291449546814
0.1289999932050705,0.13251140713691711
0.13199999928474426,0.1361176073551178
0.1340000033378601,0.13502617180347443
0.13600000739097595,0.13743552565574646
0.1379999965429306,0.139375701546669
